<?xml version="1.0" encoding="UTF-8"?>
<project-private xmlns="http://www.netbeans.org/ns/project-private/1">
    <editor-bookmarks xmlns="http://www.netbeans.org/ns/editor-bookmarks/2" lastBookmarkId="0"/>
    <open-files xmlns="http://www.netbeans.org/ns/projectui-open-files/2">
        <group>
            <file>file:/C:/Users/MASTER/Documents/NetBeansProjects/Horario/src/Clases/AgregarMateria.java</file>
            <file>file:/C:/Users/MASTER/Documents/NetBeansProjects/Horario/src/Ventanas/Horarios.java</file>
            <file>file:/C:/Users/MASTER/Documents/NetBeansProjects/Horario/src/Clases/run.java</file>
            <file>file:/C:/Users/MASTER/Documents/NetBeansProjects/Horario/src/Clases/GenerarReportes.java</file>
        </group>
    </open-files>
</project-private>
