<?xml version="1.0" encoding="UTF-8"?>
<project-private xmlns="http://www.netbeans.org/ns/project-private/1">
    <editor-bookmarks xmlns="http://www.netbeans.org/ns/editor-bookmarks/2" lastBookmarkId="0"/>
    <open-files xmlns="http://www.netbeans.org/ns/projectui-open-files/2">
        <group>
            <file>file:/D:/tito/Album/src/album/Album.java</file>
            <file>file:/D:/tito/Album/datos/datosAlemania.txt</file>
            <file>file:/D:/tito/Album/src/album/Jugador.java</file>
            <file>file:/D:/tito/Album/src/album/Equipo.java</file>
        </group>
    </open-files>
</project-private>
